{
  "Nuremberg Code Principle 1": "https://www.hhs.gov/ohrp/international/ethical-codes-and-research-standards/index.html",
  "Nuremberg Code Principles 2–4": "https://www.hhs.gov/ohrp/international/ethical-codes-and-research-standards/index.html",
  "45 CFR 46.116(a)(1)": "https://www.ecfr.gov/current/title-45/part-46/section-46.116#p-46.116(a)(1)",
  "45 CFR 46.111(a)(1–2)": "https://www.ecfr.gov/current/title-45/part-46/section-46.111#p-46.111(a)(1)",
  "45 CFR 46.109(a)": "https://www.ecfr.gov/current/title-45/part-46/section-46.109#p-46.109(a)",
  "45 CFR 46.116(b)(9)": "https://www.ecfr.gov/current/title-45/part-46/section-46.116#p-46.116(b)(9)",
  "45 CFR 46.111(a)(1)": "https://www.ecfr.gov/current/title-45/part-46/section-46.111#p-46.111(a)(1)",
  "45 CFR 46.111(a)(2)": "https://www.ecfr.gov/current/title-45/part-46/section-46.111#p-46.111(a)(2)",
  "45 CFR 46.103(b)(5)": "https://www.ecfr.gov/current/title-45/part-46/section-46.103#p-46.103(b)(5)",
  "45 CFR 46.116(a)": "https://www.ecfr.gov/current/title-45/part-46/section-46.116#p-46.116(a)",
  "45 CFR 46.116(d)": "https://www.ecfr.gov/current/title-45/part-46/section-46.116#p-46.116(d)",
  "45 CFR 46.111(a)(3)": "https://www.ecfr.gov/current/title-45/part-46/section-46.111#p-46.111(a)(3)",
  "45 CFR 46.111(a)(7)": "https://www.ecfr.gov/current/title-45/part-46/section-46.111#p-46.111(a)(7)",
  "45 CFR 46.109(e)": "https://www.ecfr.gov/current/title-45/part-46/section-46.109#p-46.109(e)",
  "45 CFR 46 Subpart D (§§404–406)": "https://www.ecfr.gov/current/title-45/part-46/subpart-D",
  "45 CFR 46.116(a)(2)": "https://www.ecfr.gov/current/title-45/part-46/section-46.116#p-46.116(a)(2)",
  "45 CFR 46.408(b)": "https://www.ecfr.gov/current/title-45/part-46/section-46.408#p-46.408(b)",
  "21 CFR 312.66": "https://www.ecfr.gov/current/title-21/part-312/section-312.66",
  "42 CFR Part 50, Subpart F": "https://www.ecfr.gov/current/title-42/part-50/subpart-F",
  "Declaration of Helsinki, Article 25": "https://www.wma.net/policies-post/wma-declaration-of-helsinki-ethical-principles-for-medical-research-involving-human-subjects/",
  "CIOMS Guideline 2": "https://cioms.ch/wp-content/uploads/2017/01/WEB-CIOMS-EthicalGuidelines.pdf",
  "CIOMS Guideline 9": "https://cioms.ch/wp-content/uploads/2017/01/WEB-CIOMS-EthicalGuidelines.pdf",
  "CIOMS Guideline 12": "https://cioms.ch/wp-content/uploads/2017/01/WEB-CIOMS-EthicalGuidelines.pdf"
}
